<?xml version="1.0" encoding="UTF-8"?>
<!DOCTYPE mapper PUBLIC "-//mybatis.org//DTD Mapper 3.0//EN" "http://mybatis.org/dtd/mybatis-3-mapper.dtd">

<mapper namespace="com.zc.gmail.member.dao.MemberDao">

	<!-- 可根据自己的需求，是否要使用 -->
    <resultMap type="com.zc.gmail.member.entity.MemberEntity" id="memberMap">
        <result property="id" column="id"/>
        <result property="levelId" column="level_id"/>
        <result property="username" column="username"/>
        <result property="password" column="password"/>
        <result property="nickname" column="nickname"/>
        <result property="mobile" column="mobile"/>
        <result property="email" column="email"/>
        <result property="header" column="header"/>
        <result property="gender" column="gender"/>
        <result property="birth" column="birth"/>
        <result property="city" column="city"/>
        <result property="job" column="job"/>
        <result property="sign" column="sign"/>
        <result property="sourceType" column="source_type"/>
        <result property="integration" column="integration"/>
        <result property="growth" column="growth"/>
        <result property="status" column="status"/>
        <result property="createTime" column="create_time"/>
    </resultMap>


</mapper>